COMP_CODE,DEPT_CODE,COURSE_CODE,COURSE_NAME,ID_FROM,ID_TO,ROOM_NO,MAY_DATE,SLOT
45,GER,N101T,BEGINNING GERMAN,2010PHXF416,2015H142135,2201,2,FN
667,MUSIC,N113T,INDIA CLASS MUSIC(INST)I,2013A1PS509,2013B5A7674,2201,2,FN
1432,BIO,F342,IMMUNOLOGY,2012A3B1149,2013B1A8248,6155,3,FN
1432,BIO,F342,IMMUNOLOGY,2013B1A8817,2013B1TS996,6156,3,FN
1512,BITS,F385,INTRO TO GENDER STUDIES,2012A3PS089,2014A4PS337,6160,3,FN
1852,BITS,F490,PROJECT MANAGEMENT,2030B1PS555,2030B1PS555,6108,3,FN
1236,CE,F423,GREEN BUILD & ENER CONSE,2012A2PS525,2013A2PS044,6102,3,FN
1236,CE,F423,GREEN BUILD & ENER CONSE,2013A2PS052,2014A2PS793,6103,3,FN
1205,CHE,F421,BIOCHEMICAL ENGINEERING,2011B1A1732,2013A1PS027,2212,3,FN
1205,CHE,F421,BIOCHEMICAL ENGINEERING,2013A1PS050,2013A1PS742,2214,3,FN
1561,CHEM,F341,CHEMICAL EXPER II,2013B2A1782,2013B2A3797,2215,3,FN
1561,CHEM,F341,CHEMICAL EXPER II,2013B2A3824,2013B2TS967,2216,3,FN
1092,CS,F213,OBJECT ORIENTED PROG,2011B2A3757,2013A7TS083,2201,3,FN
1092,CS,F213,OBJECT ORIENTED PROG,2013A8PS074,2014A3A7302,2203,3,FN
1092,CS,F213,OBJECT ORIENTED PROG,2014A3PS048,2014A8PS464,2204,3,FN
1092,CS,F213,OBJECT ORIENTED PROG,2014A8PS467,2014B5A1878,2206,3,FN
1449,ECON,F341,PUBLIC FIN THEO & POLICY,2012B2A4722,2014B2AB762,6106,3,FN
1449,ECON,F341,PUBLIC FIN THEO & POLICY,2012A1PS421,2012B2A3773,6107,3,FN
1875,ECON,F435,MARKETING RESEARCH,2011B3A4382,2014B3A4581,2206,3,FN
1875,ECON,F435,MARKETING RESEARCH,2014B3A4686,2014B4AB819,2207,3,FN
1252,EEE,F414,TELECOM SWIT SYS & NETWK,2011B2A3797,2014A3PS274,6158,3,FN
1253,EEE,F433,ELECTR MAG FIELD & WAVES,2011B3A8588,2013A8PS868,6156,3,FN
1171,GS,F233,PUBLIC POLICY,2011A5TS891,2014D2TS980,6161,3,FN
1158,GS,F241,CREATIVE WRITING,2011A7TS052,2014A4PS344,6101,3,FN
1158,GS,F241,CREATIVE WRITING,2014A4PS352,2014D2TS993,6102,3,FN
1174,GS,F312,APPLIED PHILOSOPHY,2011B4A8695,2012A7PS021,6104,3,FN
1174,GS,F312,APPLIED PHILOSOPHY,2012A7PS039,2014B5A7849,6105,3,FN
1168,GS,F343,SHORT FILM & VIDEO PROD,2011B1A2830,2014A4PS330,6151,3,FN
1168,GS,F343,SHORT FILM & VIDEO PROD,2014A4PS392,2014B5A7681,6152,3,FN
1643,HSS,F316,POP LITER & CULT OF S ASIA,2012A4PS296,2014B5A7717,6159,3,FN
1599,HSS,F334,SRIMAD BHAGAVAD GITA,2012A3PS139,2014ABPS851,2217,3,FN
1599,HSS,F334,SRIMAD BHAGAVAD GITA,2014ABPS884,2014B5A7310,2221,3,FN
1352,INSTR,F414,TELECOM SWIT SYS & NETWK,2011B2A8782,2012B5A8565,6158,3,FN
1140,IS,F213,OBJECT ORIENTED PROG,2011B5A3557,2013A5PS909,2201,3,FN
1140,IS,F213,OBJECT ORIENTED PROG,2013A8PS378,2014A2PS490,2203,3,FN
1140,IS,F213,OBJECT ORIENTED PROG,2014A8PS412,2014A8PS448,2204,3,FN
1474,MATH,F343,PARTIAL DIFF EQUATIONS,2015B2PS848,2015B3PS536,6152,3,FN
1474,MATH,F343,PARTIAL DIFF EQUATIONS,2015B3PS537,2015B3TS966,6153,3,FN
244,MBA,C483,MARKETING RESEARCH,2015B3TS967,2015B4PS557,2207,3,FN
1909,MBA,G555,INTERNATIONAL HUMAN RES. MGMT.,2013D2TS961,2015H149294,6161,3,FN
1268,ME,F312,ADV MECHANICS OF SOLIDS,2015B4PS564,2015B4PS663,2215,3,FN
1307,PHA,F417,PHARMACOECONOMICS,2015B5PS681,2015D2TS999,6156,3,FN
1307,PHA,F417,PHARMACOECONOMICS,2013A5PS880,2014A5PS843,6157,3,FN
1490,PHY,F342,ATOMIC & MOLECULAR PHY,2012B5A2604,2013B5A1804,2221,3,FN
1490,PHY,F342,ATOMIC & MOLECULAR PHY,2013B5A2572,2013B5TS960,2222,3,FN
203,BIO,G642,EXPERIMENTAL TECHNIQUES,2015H129002,2015PHXP419,6152,3,AN
1860,BITS,F114,GENERAL MATHEMATICS II,2015A5PS896,2015A5PS956,6108,3,AN
2146,CHE,G552,ADV TRANSPORT PHENOMENA,2012A1TS406,2015H101035,6107,3,AN
507,CS,G513,NETWORK SECURITY,2012A7PS100,2015H103100,5103,3,AN
1011,MATH,F112,MATHEMATICS-II,2012A2TS376,2015A2PS673,2201,3,AN
1011,MATH,F112,MATHEMATICS-II,2015A2PS676,2015A2PS822,2203,3,AN
1011,MATH,F112,MATHEMATICS-II,2015A2PS830,2015A3PS213,2204,3,AN
1011,MATH,F112,MATHEMATICS-II,2015A3PS216,2015A4PS173,2206,3,AN
1011,MATH,F112,MATHEMATICS-II,2015A4PS181,2015A4PS357,2207,3,AN
1011,MATH,F112,MATHEMATICS-II,2015A4PS364,2015A5PS908,2212,3,AN
1011,MATH,F112,MATHEMATICS-II,2015A5PS912,2015A5PS950,2213,3,AN
1011,MATH,F112,MATHEMATICS-II,2015A5PS953,2015A7PS050,2214,3,AN
1011,MATH,F112,MATHEMATICS-II,2015A7PS051,2015A7PS078,2215,3,AN
1011,MATH,F112,MATHEMATICS-II,2015A7PS079,2015A7PS108,2216,3,AN
1011,MATH,F112,MATHEMATICS-II,2015A7PS109,2015A8PS484,2217,3,AN
1011,MATH,F112,MATHEMATICS-II,2015A8PS486,2015ABPS866,2221,3,AN
1011,MATH,F112,MATHEMATICS-II,2015ABPS870,2015B1PS861,2222,3,AN
1011,MATH,F112,MATHEMATICS-II,2015B1PS867,2015B1TS929,2234,3,AN
1011,MATH,F112,MATHEMATICS-II,2015B1TS977,2015B2PS847,2235,3,AN
1011,MATH,F112,MATHEMATICS-II,2015B2PS848,2015B3PS536,6101,3,AN
1011,MATH,F112,MATHEMATICS-II,2015B3PS537,2015B3TS966,6102,3,AN
1011,MATH,F112,MATHEMATICS-II,2015B3TS967,2015B4PS557,6103,3,AN
1011,MATH,F112,MATHEMATICS-II,2015B4PS564,2015B4PS663,6104,3,AN
1011,MATH,F112,MATHEMATICS-II,2015B1PS867,2015B1TS929,6105,3,AN
1011,MATH,F112,MATHEMATICS-II,2015B1TS977,2015B2PS847,6106,3,AN
933,MBA,C427,E-BUSINESS & INTERNET MKT,2015H149226,2015H149293,6152,3,AN
327,SS,G513,NETWORK SECURITY,2015H112186,2015H112186,6151,3,AN
1332,BITS,F311,IMAGE PROCESSING,2011A8TS307,2013A7PS175,6114,4,FN
1332,BITS,F311,IMAGE PROCESSING,2013A7PS190,2014B5A7849,6116,4,FN
1213,CHE,F418,MODEL & SIMU IN CHE ENGG,2011B1A1732,2013A1PS434,6101,4,FN
1213,CHE,F418,MODEL & SIMU IN CHE ENGG,2013A1PS454,2013A1PS728,6102,4,FN
1583,CHEM,F333,CHEMISTRY OF MATERIALS,2012A1PS421,2012B2A3773,2207,4,FN
1583,CHEM,F333,CHEMISTRY OF MATERIALS,2012B2A4722,2014B2AB762,2212,4,FN
1317,CS,F342,COMPUTER ARCHITECTURE,2012A1PS421,2012B2A3773,6106,4,FN
1551,ECON,F413,FINANCIAL ENGINEERING,2012B2A4722,2014B2AB762,2217,4,FN
1260,EEE,F416,DIGITAL COMMUNICATION,2011B2A3757,2014B4A2813,2207,4,FN
1170,GS,F232,INTRODUCTORY PSYCHOLOGY,2012A1PS425,2012C6PS745,6103,4,FN
1170,GS,F232,INTRODUCTORY PSYCHOLOGY,2012C7PS520,2015A1PS727,6104,4,FN
1645,HSS,F317,INTRO TO GLOBALIZATION,2011B2A2729,2014D2TS978,6105,4,FN
1609,HSS,F328,HUMAN RESOURCE DEVELOP,2012A1PS416,2014B3TS954,2201,4,FN
1609,HSS,F328,HUMAN RESOURCE DEVELOP,2014B3TS961,2014D2TS993,2203,4,FN
1833,HSS,F341,PERFORMANCE DESIGN,2012A1PS357,2014D2TS991,2222,4,FN
1493,PHY,F215,INTRO TO ASTRO & ASTROPH,2012A2TS376,2014B5A3858,2221,4,FN
1493,PHY,F215,INTRO TO ASTRO & ASTROPH,2014B5A3861,2014B5TS968,2222,4,FN
345,CE,G612,ADVANCED STEEL STRUCTURE,2011HS43451,2015H143052,2201,4,AN
80,EEE,G622,ADVANCED DIGITAL COMMUNI,2015H124065,2015H124074,2201,4,AN
369,MSE,G511,MECHATRONICS,2015B4PS684,2015B5PS671,2201,4,AN
1424,BIO,F241,ECOLOGY & ENVIRON SCI,2014A1B1525,2014B1A4487,5101,5,FN
1424,BIO,F241,ECOLOGY & ENVIRON SCI,2014B1A4552,2014B1TS972,5102,5,FN
1194,CE,F244,HIGHWAY ENGINEERING,2012C7A2419,2014A2PS528,2207,5,FN
1194,CE,F244,HIGHWAY ENGINEERING,2014A2PS537,2014A2PS796,2212,5,FN
1183,CHE,F244,SEPARATION PROCESSES I,2012A1PS427,2013B1A1245,6157,5,FN
1183,CHE,F244,SEPARATION PROCESSES I,2013B1A1408,2013B5A1696,6158,5,FN
1183,CHE,F244,SEPARATION PROCESSES I,2013B5A1783,2014A1PS543,6159,5,FN
1183,CHE,F244,SEPARATION PROCESSES I,2014A1PS544,2014A1PS646,6160,5,FN
1183,CHE,F244,SEPARATION PROCESSES I,2014A1PS653,2014A1PS734,6161,5,FN
1206,CHE,F411,ENVIR POLLUTION CONTROL,2012A1PS413,2013A1PS707,2206,5,FN
1557,CHEM,F244,PHYSICAL CHEMISTRY III,2014B2A1019,2014B2A3122,5102,5,FN
1557,CHEM,F244,PHYSICAL CHEMISTRY III,2014B2A3153,2014B2TS971,5105,5,FN
1318,CS,F363,COMPILER CONSTRUCTION,2012B1A7766,2012B4A7714,6106,5,FN
1318,CS,F363,COMPILER CONSTRUCTION,2012B4A7819,2013A7PS029,6107,5,FN
1318,CS,F363,COMPILER CONSTRUCTION,2013A7PS030,2013A7PS064,6108,5,FN
1318,CS,F363,COMPILER CONSTRUCTION,2013A7PS065,2013A7PS134,6151,5,FN
1318,CS,F363,COMPILER CONSTRUCTION,2013A7PS135,2013A7TS114,6152,5,FN
1443,ECON,F242,MICROECONOMICS,2013B3TS963,2014B3A4592,2222,5,FN
1443,ECON,F242,MICROECONOMICS,2014B3A4656,2014B3TS963,2235,5,FN
1240,EEE,F243,SIGNALS & SYSTEMS,2013A3PS308,2014A3PS194,2201,5,FN
1240,EEE,F243,SIGNALS & SYSTEMS,2014A3PS196,2014A3PS256,2203,5,FN
1240,EEE,F243,SIGNALS & SYSTEMS,2014A3PS257,2014A7PS335,2204,5,FN
1245,EEE,F341,ANALOG ELECTRONICS,2012A3PS131,2012B3A3602,2214,5,FN
1245,EEE,F341,ANALOG ELECTRONICS,2012B4A3173,2012B5A3554,2215,5,FN
1245,EEE,F341,ANALOG ELECTRONICS,2012B5A3576,2013A3PS200,2216,5,FN
1245,EEE,F341,ANALOG ELECTRONICS,2013A3PS203,2013A3TS326,2217,5,FN
1178,GS,F334,GLOBAL BUSINESS TEC & KS,2013D2TS988,2013D2TS988,2201,5,FN
1343,INSTR,F243,SIGNALS & SYSTEMS,2011A8TS307,2013B5A8784,2201,5,FN
1343,INSTR,F243,SIGNALS & SYSTEMS,2014A8PS231,2014A8PS437,2204,5,FN
1343,INSTR,F243,SIGNALS & SYSTEMS,2014A8PS438,2014A8PS701,2206,5,FN
1348,INSTR,F341,ANALOG ELECTRONICS,2012B1A8787,2012B3A8551,2214,5,FN
1348,INSTR,F341,ANALOG ELECTRONICS,2012B3A8559,2012B4A8730,2215,5,FN
1348,INSTR,F341,ANALOG ELECTRONICS,2012B5A8529,2012B5A8684,2216,5,FN
1348,INSTR,F341,ANALOG ELECTRONICS,2013A8PS074,2013A8PS343,2217,5,FN
1348,INSTR,F341,ANALOG ELECTRONICS,2013A8PS351,2013A8PS452,2221,5,FN
1348,INSTR,F341,ANALOG ELECTRONICS,2013A8PS453,2013A8TS404,2222,5,FN
1533,IS,F342,COMPILER DESIGN,2012C6PS643,2012C6PS694,6107,5,FN
1465,MATH,F241,MATHEMATICAL METHODS,2014B4A1648,2014B4TS974,5105,5,FN
1266,ME,F244,KIN & DYN OF  MACHINES,2013A1PS506,2013B4A4768,6101,5,FN
1266,ME,F244,KIN & DYN OF  MACHINES,2013B4A4775,2014A4PS327,6102,5,FN
1266,ME,F244,KIN & DYN OF  MACHINES,2014A4PS330,2014A4PS371,6103,5,FN
1266,ME,F244,KIN & DYN OF  MACHINES,2014A4PS374,2014A4PS414,6104,5,FN
1266,ME,F244,KIN & DYN OF  MACHINES,2014A4PS415,2014A4PS780,6105,5,FN
1271,ME,F343,MECHANICAL VIBRATIONS,2012A4PS301,2012B3A4541,6153,5,FN
1271,ME,F343,MECHANICAL VIBRATIONS,2012B3A4548,2013A4PS227,6155,5,FN
1271,ME,F343,MECHANICAL VIBRATIONS,2013A4PS233,2013A4PS391,6156,5,FN
1271,ME,F343,MECHANICAL VIBRATIONS,2013A4PS392,2013A4TS305,6157,5,FN
1401,MF,F244,KIN & DYN OF  MACHINES,2012ABPS195,2013B3AB756,6101,5,FN
1401,MF,F244,KIN & DYN OF  MACHINES,2013B4AB788,2013B5AB770,6102,5,FN
1401,MF,F244,KIN & DYN OF  MACHINES,2014ABPS109,2014ABPS887,6105,5,FN
1401,MF,F244,KIN & DYN OF  MACHINES,2014ABPS891,2014ABPS898,6106,5,FN
1406,MF,F343,CASTING & WELDING,2012B1AB790,2013ABPS822,3215,5,FN
1301,PHA,F343,FORENSIC PHARMACY,2011A5TS891,2013A5PS933,2206,5,FN
1485,PHY,F244,MODERN PHYSICS LAB,2013B5A1783,2014B5TS968,5102,5,FN
956,BIO,G643,PLANT BIOTECHNOLOGY,2015H129001,2015PHXP001,6155,5,AN
1004,BITS,F111,THERMODYNAMICS,2012A2PS599,2015A1PS746,2201,5,AN
1004,BITS,F111,THERMODYNAMICS,2015A1PS748,2015A2PS643,2203,5,AN
1004,BITS,F111,THERMODYNAMICS,2015A2PS648,2015A3PS087,2204,5,AN
1004,BITS,F111,THERMODYNAMICS,2015A3PS137,2015A3PS231,2206,5,AN
1004,BITS,F111,THERMODYNAMICS,2015A3PS232,2015A4PS181,2207,5,AN
1004,BITS,F111,THERMODYNAMICS,2015A4PS182,2015A4PS377,2212,5,AN
1004,BITS,F111,THERMODYNAMICS,2015A4PS380,2015A4PS412,2213,5,AN
1004,BITS,F111,THERMODYNAMICS,2015A4PS414,2015A7PS023,2214,5,AN
1004,BITS,F111,THERMODYNAMICS,2015A7PS029,2015A7PS059,2215,5,AN
1004,BITS,F111,THERMODYNAMICS,2015A7PS061,2015A7PS093,2216,5,AN
1004,BITS,F111,THERMODYNAMICS,2015A7PS094,2015A8PS428,2217,5,AN
1004,BITS,F111,THERMODYNAMICS,2015A8PS431,2015ABPS739,2221,5,AN
1004,BITS,F111,THERMODYNAMICS,2015ABPS790,2015B1PS694,2222,5,AN
1004,BITS,F111,THERMODYNAMICS,2015B1PS710,2015B1PS815,2233,5,AN
1004,BITS,F111,THERMODYNAMICS,2015B1PS818,2015B1PS878,2234,5,AN
1004,BITS,F111,THERMODYNAMICS,2015B1PS880,2015B2PS837,2235,5,AN
1004,BITS,F111,THERMODYNAMICS,2015B2PS838,2015B3PS514,6101,5,AN
1004,BITS,F111,THERMODYNAMICS,2015B3PS515,2015B3PS657,6102,5,AN
1004,BITS,F111,THERMODYNAMICS,2015B3PS658,2015B4PS518,6103,5,AN
1004,BITS,F111,THERMODYNAMICS,2015B4PS523,2015B4PS628,6104,5,AN
1004,BITS,F111,THERMODYNAMICS,2015B4PS629,2015B5PS559,6105,5,AN
1004,BITS,F111,THERMODYNAMICS,2015B5PS581,2015D2TS999,6106,5,AN
701,MBA,C418,MARKETING,2015H149219,2015H149244,6108,5,AN
701,MBA,C418,MARKETING,2015H149245,2015H149299,6151,5,AN
677,PHA,G621,ADVANCED MEDICINAL CHEM,2015H108189,2015H147201,6152,5,AN
958,SS,G515,DATA WAREHOUSING,2010HD12098,2015H112188,6153,5,AN
1779,BIO,F231,BIOLOGY PROJECT LAB,2013B1TS982,2014B1AB823,6107,6,FN
1434,BIO,F418,GENETIC ENGINEERING TECH,2014A1B1525,2014B1TS969,2222,6,FN
1554,CHEM,F241,INORGANIC CHEMISTRY II,2014B2A1019,2014B2A3708,6104,6,FN
1554,CHEM,F241,INORGANIC CHEMISTRY II,2014B2A4133,2014B2TS971,6105,6,FN
1313,CS,F241,MICROPROC & INTERFACING,2013A7PS140,2013B4A7834,2201,6,FN
1313,CS,F241,MICROPROC & INTERFACING,2013B5A7066,2013B5A7810,2203,6,FN
1313,CS,F241,MICROPROC & INTERFACING,2014A7PS001,2014A7PS031,2206,6,FN
1313,CS,F241,MICROPROC & INTERFACING,2014A7PS032,2014A7PS085,2207,6,FN
1313,CS,F241,MICROPROC & INTERFACING,2014A7PS086,2014A7PS143,2212,6,FN
1313,CS,F241,MICROPROC & INTERFACING,2014A7PS144,2014A7PS742,2213,6,FN
1238,EEE,F241,MICROPROC & INTERFACING,2013A3PS247,2013B4A3794,2201,6,FN
1238,EEE,F241,MICROPROC & INTERFACING,2013B5A3355,2014A3PS048,2203,6,FN
1238,EEE,F241,MICROPROC & INTERFACING,2014A3PS089,2014A3PS252,2204,6,FN
1238,EEE,F241,MICROPROC & INTERFACING,2014A3PS253,2014A3PS307,2206,6,FN
1131,GS,F212,ENVIRON DEV & CLIMATE CH,2012A1PS425,2012A2TS528,2216,6,FN
1131,GS,F212,ENVIRON DEV & CLIMATE CH,2012A3PS035,2014D2TS992,2217,6,FN
1177,GS,F333,PUBLIC ADMINISTRATION,2012A2PS588,2013D2TS993,6102,6,FN
1177,GS,F333,PUBLIC ADMINISTRATION,2013D2TS994,2014D2TS983,6103,6,FN
1622,HSS,F234,MAIN CURRENT OF MOD HIST,2011B3A8600,2014B1A2169,2221,6,FN
1622,HSS,F234,MAIN CURRENT OF MOD HIST,2014B1A2261,2014C2PS339,2222,6,FN
1341,INSTR,F241,MICROPROC & INTERFACING,2011A8TS307,2013B4A8195,2201,6,FN
1341,INSTR,F241,MICROPROC & INTERFACING,2013B4A8529,2013B5A8784,2203,6,FN
1341,INSTR,F241,MICROPROC & INTERFACING,2014A8PS231,2014A8PS231,2213,6,FN
1341,INSTR,F241,MICROPROC & INTERFACING,2014A8PS254,2014A8PS445,2214,6,FN
1341,INSTR,F241,MICROPROC & INTERFACING,2014A8PS446,2014A8PS522,2215,6,FN
1341,INSTR,F241,MICROPROC & INTERFACING,2014A8PS529,2014A8PS701,2216,6,FN
1287,ME,F461,REFRIGERATION & AIRCOND,2011B2AB758,2012B4A4731,6105,6,FN
1287,ME,F461,REFRIGERATION & AIRCOND,2012B5A4411,2013ABPS636,6106,6,FN
1399,MF,F242,MANUFACTURING MANAGEMENT,2012B5AB670,2014ABPS865,6101,6,FN
1399,MF,F242,MANUFACTURING MANAGEMENT,2014ABPS868,2014ABPS898,6102,6,FN
347,CE,G520,INFRA STRUC PLAN & MANAG,2012B2A2732,2015H144042,2201,6,AN
2006,CS,G524,ADV COMPUTER ARCHITECTUR,2015H103076,2015H103100,6152,6,AN
96,EEE,G592,MOBILE PERSONAL COMMUNIC,2015H124065,2015H124074,2201,6,AN
710,MBA,C419,PRODUCT & OPERATION MGMT,2015H149219,2015H149299,2201,6,AN
1192,CE,F242,CONSTRUCTION PLAN & TECH,2013B1A2235,2014A2PS796,5105,7,FN
1198,CE,F341,HYDRO & WATER RES ENGG,2012B1A2671,2013A2PS431,5101,7,FN
1198,CE,F341,HYDRO & WATER RES ENGG,2013A2PS436,2013A2PS501,5105,7,FN
1198,CE,F341,HYDRO & WATER RES ENGG,2013A2PS505,2013A2TS491,5106,7,FN
1181,CHE,F242,NUM METHOD FOR CHEM ENGG,2012A1PS425,2013B4A1786,6156,7,FN
1181,CHE,F242,NUM METHOD FOR CHEM ENGG,2013B4A1795,2014A1PS543,6157,7,FN
1181,CHE,F242,NUM METHOD FOR CHEM ENGG,2014A1PS544,2014A1PS646,6158,7,FN
1181,CHE,F242,NUM METHOD FOR CHEM ENGG,2014A1PS653,2014A1PS734,6159,7,FN
1190,CHE,F343,PROCESS DES PRINCIPLE II,2012A1PS398,2013A1PS747,5102,7,FN
1095,CS,F212,DATABASE SYSTEMS,2012A3PS140,2012B1A8847,2206,7,FN
1095,CS,F212,DATABASE SYSTEMS,2012D2PS963,2013B3A7833,2207,7,FN
1095,CS,F212,DATABASE SYSTEMS,2013B4A7097,2014A7PS039,2212,7,FN
1095,CS,F212,DATABASE SYSTEMS,2014A7PS040,2014A7PS062,2213,7,FN
1095,CS,F212,DATABASE SYSTEMS,2014A7PS063,2014A7PS105,2214,7,FN
1095,CS,F212,DATABASE SYSTEMS,2014A7PS107,2014A7PS132,2215,7,FN
1095,CS,F212,DATABASE SYSTEMS,2014A7PS134,2014B1AB054,2216,7,FN
1319,CS,F364,DESIGN & ANAL OF ALGO,2011A7PS094,2013A7PS064,2217,7,FN
1319,CS,F364,DESIGN & ANAL OF ALGO,2013A7PS065,2013A7PS134,2221,7,FN
1319,CS,F364,DESIGN & ANAL OF ALGO,2013A7PS135,2013A7TS114,2222,7,FN
1445,ECON,F244,ECONOMIC OF GROWTH & DEV,2012A4PS341,2014B3A1703,3203,7,FN
1445,ECON,F244,ECONOMIC OF GROWTH & DEV,2014B3A1709,2014B3TS963,3215,7,FN
1241,EEE,F244,MICROELECTRONIC CIRCUITS,2012A3PS196,2014A3PS181,2201,7,FN
1241,EEE,F244,MICROELECTRONIC CIRCUITS,2014A3PS182,2014A3PS242,2203,7,FN
1241,EEE,F244,MICROELECTRONIC CIRCUITS,2014A3PS243,2014A3PS307,2204,7,FN
1244,EEE,F312,POWER SYSTEMS,2012A3PS131,2013A3PS006,6106,7,FN
1244,EEE,F312,POWER SYSTEMS,2013A3PS010,2013A3PS230,6107,7,FN
1244,EEE,F312,POWER SYSTEMS,2013A3PS232,2013A3PS281,6108,7,FN
1244,EEE,F312,POWER SYSTEMS,2013A3PS282,2013A3TS326,6151,7,FN
1344,INSTR,F244,MICROELECTRONIC CIRCUITS,2011A8TS307,2013B5A8784,2201,7,FN
1344,INSTR,F244,MICROELECTRONIC CIRCUITS,2014A8PS231,2014A8PS400,2204,7,FN
1344,INSTR,F244,MICROELECTRONIC CIRCUITS,2014A8PS402,2014A8PS701,2206,7,FN
1528,IS,F243,DATABASE SYSTEMS & APPL,2012C6PS598,2012C6PS689,2216,7,FN
1466,MATH,F242,OPERATIONS RESEARCH,2012A2TS386,2014B4A3768,6160,7,FN
1466,MATH,F242,OPERATIONS RESEARCH,2014B4A3807,2014B4A7800,6161,7,FN
1466,MATH,F242,OPERATIONS RESEARCH,2014B4A7802,2014B4TS974,6162,7,FN
1263,ME,F241,MACHINE DESIGN & DRAWING,2013B1A4263,2013B4A4793,6101,7,FN
1263,ME,F241,MACHINE DESIGN & DRAWING,2013B5A4446,2014A4PS337,6102,7,FN
1263,ME,F241,MACHINE DESIGN & DRAWING,2014A4PS338,2014A4PS381,6103,7,FN
1263,ME,F241,MACHINE DESIGN & DRAWING,2014A4PS382,2014A4PS427,6104,7,FN
1263,ME,F241,MACHINE DESIGN & DRAWING,2014A4PS488,2014A4PS780,6105,7,FN
1270,ME,F341,PRIMEMOVERS & FLUID MACH,2012A4PS301,2013A4PS013,6152,7,FN
1270,ME,F341,PRIMEMOVERS & FLUID MACH,2013A4PS035,2013A4PS227,6153,7,FN
1270,ME,F341,PRIMEMOVERS & FLUID MACH,2013A4PS233,2013A4PS391,6155,7,FN
1270,ME,F341,PRIMEMOVERS & FLUID MACH,2013A4PS392,2013A4TS305,6156,7,FN
1398,MF,F241,MACHINE DESIGN & DRAWING,2012B5AB670,2013B4AB788,6101,7,FN
1398,MF,F241,MACHINE DESIGN & DRAWING,2013B5AB462,2013B5AB770,6102,7,FN
1398,MF,F241,MACHINE DESIGN & DRAWING,2014ABPS109,2014ABPS898,6105,7,FN
1405,MF,F341,DESIGN OF MACHINE TOOLS,2012B1AB790,2013ABPS571,3245,7,FN
1405,MF,F341,DESIGN OF MACHINE TOOLS,2013ABPS573,2013ABPS822,3246,7,FN
1291,PHA,F241,PHARMACEUTICAL CHEMISTRY,2013A5PS929,2014A5PS476,3247,7,FN
1291,PHA,F241,PHARMACEUTICAL CHEMISTRY,2014A5PS489,2014A5PS843,3248,7,FN
1299,PHA,F313,INSTRU METHODS OF ANAL,2015H108189,2015H147200,3158,7,FN
1299,PHA,F313,INSTRU METHODS OF ANAL,2015H147201,2015PHXP416,3201,7,FN
1298,PHA,F342,MEDICINAL CHEMISTRY II,2012A5PS514,2013A5PS933,2234,7,FN
1484,PHY,F243,MATH METHODS OF  PHYSICS,2013B5A1783,2014B5A4482,3201,7,FN
1484,PHY,F243,MATH METHODS OF  PHYSICS,2014B5A4564,2014B5TS968,3203,7,FN
804,CE,G516,MULTI CRITER ANAL IN ENGG,2015H144036,2015H144042,6108,7,AN
2023,CE,G546,HIGHWAY CONS PRACTICES,2015H130054,2015H130064,6153,7,AN
613,CE,G614,PRESTRESS CONCRETE STRUC,2013A2PS106,2015H143053,6153,7,AN
729,CHE,G641,REACTION ENGINEERING,2015H101016,2015H101035,6107,7,AN
1009,EEE,F111,ELECTRICAL SCIENCES,2012A1TS440,2015A2PS665,2201,7,AN
1009,EEE,F111,ELECTRICAL SCIENCES,2015A2PS673,2015A2PS817,2203,7,AN
1009,EEE,F111,ELECTRICAL SCIENCES,2015A2PS822,2015A3PS212,2204,7,AN
1009,EEE,F111,ELECTRICAL SCIENCES,2015A3PS213,2015A4PS136,2206,7,AN
1009,EEE,F111,ELECTRICAL SCIENCES,2015A4PS173,2015A4PS356,2207,7,AN
1009,EEE,F111,ELECTRICAL SCIENCES,2015A4PS357,2015A7PS005,2212,7,AN
1009,EEE,F111,ELECTRICAL SCIENCES,2015A7PS006,2015A7PS059,2214,7,AN
1009,EEE,F111,ELECTRICAL SCIENCES,2015A7PS061,2015A7PS088,2215,7,AN
1009,EEE,F111,ELECTRICAL SCIENCES,2015A7PS089,2015A7PS118,2216,7,AN
1009,EEE,F111,ELECTRICAL SCIENCES,2015A7PS119,2015A8PS578,2217,7,AN
1009,EEE,F111,ELECTRICAL SCIENCES,2015A8PS585,2015B1PS474,2221,7,AN
1009,EEE,F111,ELECTRICAL SCIENCES,2015B1PS478,2015B1PS893,2222,7,AN
1009,EEE,F111,ELECTRICAL SCIENCES,2015B1PS894,2015B2PS843,2235,7,AN
1009,EEE,F111,ELECTRICAL SCIENCES,2015B2PS846,2015B3PS527,6101,7,AN
1009,EEE,F111,ELECTRICAL SCIENCES,2015B3PS533,2015B3PS674,6102,7,AN
1009,EEE,F111,ELECTRICAL SCIENCES,2015B3TS965,2015B4PS551,6103,7,AN
1009,EEE,F111,ELECTRICAL SCIENCES,2015B4PS553,2015B4PS638,6104,7,AN
1009,EEE,F111,ELECTRICAL SCIENCES,2015B4PS650,2015B5PS624,6105,7,AN
1009,EEE,F111,ELECTRICAL SCIENCES,2015B5PS670,2015D2TS999,6106,7,AN
686,MBA,C412,HUMAN RESOURCE MGMT,2015H149219,2015H149266,6151,7,AN
686,MBA,C412,HUMAN RESOURCE MGMT,2015H149267,2015H149299,6152,7,AN
2079,ME,G535,ADV ENGG MATHEMATICS,2015H106136,2015H141103,6152,7,AN
484,MEL,G641,CAD FOR IC DESIGN,2030B1PS555,2030B1PS555,6108,7,AN
389,MSE,G512,MANUFACT PLANNING & CONT,2015H142125,2015H142135,6106,7,AN
1008,CS,F111,COMPUTER PROGRAMMING,2012A2TS376,2015A1PS786,2201,8,AN
1008,CS,F111,COMPUTER PROGRAMMING,2015A1PS787,2015A2PS714,2203,8,AN
1008,CS,F111,COMPUTER PROGRAMMING,2015A2PS719,2015A3PS171,2204,8,AN
1008,CS,F111,COMPUTER PROGRAMMING,2015A3PS172,2015A3PS254,2206,8,AN
1008,CS,F111,COMPUTER PROGRAMMING,2015A3PS255,2015A4PS292,2207,8,AN
1008,CS,F111,COMPUTER PROGRAMMING,2015A4PS294,2015A4PS406,2212,8,AN
1008,CS,F111,COMPUTER PROGRAMMING,2015A4PS408,2015A4PS447,2213,8,AN
1008,CS,F111,COMPUTER PROGRAMMING,2015A4PS448,2015A5PS941,2214,8,AN
1008,CS,F111,COMPUTER PROGRAMMING,2015A5PS942,2015A7PS009,2215,8,AN
1008,CS,F111,COMPUTER PROGRAMMING,2015A7PS010,2015A7PS053,2216,8,AN
1008,CS,F111,COMPUTER PROGRAMMING,2015A7PS054,2015A8PS300,2217,8,AN
1008,CS,F111,COMPUTER PROGRAMMING,2015A8PS301,2015A8PS462,2221,8,AN
1008,CS,F111,COMPUTER PROGRAMMING,2015A8PS465,2015ABPS858,2222,8,AN
1008,CS,F111,COMPUTER PROGRAMMING,2015ABPS860,2015ABPS876,2233,8,AN
1008,CS,F111,COMPUTER PROGRAMMING,2015ABPS879,2015B1PS543,2234,8,AN
1008,CS,F111,COMPUTER PROGRAMMING,2015B1PS562,2015B1PS893,2235,8,AN
1008,CS,F111,COMPUTER PROGRAMMING,2015B1PS894,2015B2PS865,6101,8,AN
1008,CS,F111,COMPUTER PROGRAMMING,2015B2PS868,2015B3PS544,6102,8,AN
1008,CS,F111,COMPUTER PROGRAMMING,2015B3PS546,2015B3PS618,6103,8,AN
1008,CS,F111,COMPUTER PROGRAMMING,2015B3PS622,2015B4PS407,6104,8,AN
1008,CS,F111,COMPUTER PROGRAMMING,2015B4PS423,2015B4PS689,6105,8,AN
1008,CS,F111,COMPUTER PROGRAMMING,2015B4PS693,2015B5PS699,6106,8,AN
1008,CS,F111,COMPUTER PROGRAMMING,2015B5PS708,2015D2TS994,6107,8,AN
1008,CS,F111,COMPUTER PROGRAMMING,2015D2TS995,2015D2TS999,6108,8,AN
1302,PHA,F344,NATURAL DRUGS,2012A5PS924,2013A5PS941,6108,8,AN
1426,BIO,F244,INSTRU METHODS OF ANAL,2014A1B1525,2014B1A3284,6156,9,FN
1426,BIO,F244,INSTRU METHODS OF ANAL,2014B1A3373,2014B1AB054,6157,9,FN
1426,BIO,F244,INSTRU METHODS OF ANAL,2014B1AB058,2014B1TS972,6158,9,FN
1770,BITS,F418,INTRO TO BIOMEDICAL ENGG,2011B1AB859,2015H129014,5106,9,FN
1338,BITS,F463,CRYPTOGRAPHY,2011B4A1727,2012B3A7593,2212,9,FN
1338,BITS,F463,CRYPTOGRAPHY,2012B4A2675,2012C6PS661,2213,9,FN
1338,BITS,F463,CRYPTOGRAPHY,2012C6PS694,2013A7PS178,2214,9,FN
1338,BITS,F463,CRYPTOGRAPHY,2013A7PS180,2014A7PS742,2215,9,FN
1339,BITS,F464,MACHINE LEARNING,2011B5A8637,2012A7TS062,6105,9,FN
1339,BITS,F464,MACHINE LEARNING,2012A7TS088,2014A7PS053,6106,9,FN
1339,BITS,F464,MACHINE LEARNING,2014A7PS076,2015H103100,6107,9,FN
1641,BITS,F482,CREAT & LEAD ENTREP ORGN,2012A4PS305,2013A8PS414,5105,9,FN
1193,CE,F243,SOIL MECHANICS,2013A2PS730,2013B1A2240,2216,9,FN
1193,CE,F243,SOIL MECHANICS,2013B1A2241,2014A2PS796,2217,9,FN
1224,CE,F428,EARTHQUAKE RES DES & CON,2011B3A2498,2013A2PS123,6108,9,FN
1224,CE,F428,EARTHQUAKE RES DES & CON,2013A2PS125,2013A2TS491,6151,9,FN
1180,CHE,F241,HEAT TRANSFER,2013B1A1226,2013B3A1495,2206,9,FN
1180,CHE,F241,HEAT TRANSFER,2013B3A1549,2014A1PS573,2207,9,FN
1180,CHE,F241,HEAT TRANSFER,2014A1PS575,2014A1PS734,2212,9,FN
1203,CHE,F419,CHEMICAL PROCESS TECH,2012A1PS427,2012B3A1605,6158,9,FN
1203,CHE,F419,CHEMICAL PROCESS TECH,2012B3A1607,2013A1PS552,6159,9,FN
1203,CHE,F419,CHEMICAL PROCESS TECH,2013A1PS556,2013A1PS734,6160,9,FN
1556,CHEM,F243,ORGANIC CHEMISTRY II,2014B2A1019,2014B2TS971,5102,9,FN
1572,CHEM,F325,POLYMER CHEMISTRY,2012B2A4737,2013B2A7803,3215,9,FN
1581,CHEM,F415,FRONTIERS IN ORGANIC SYN,2012B2A3780,2013B2TS967,2216,9,FN
1323,CS,F422,PARALLEL COMPUTING,2010HD12098,2012B3A7463,6160,9,FN
1323,CS,F422,PARALLEL COMPUTING,2012B3A7466,2013A7PS075,6161,9,FN
1323,CS,F422,PARALLEL COMPUTING,2013A7PS079,2015H103099,6162,9,FN
1444,ECON,F243,MACROECONOMICS,2012A4PS304,2014B3A4722,6101,9,FN
1444,ECON,F243,MACROECONOMICS,2014B3A4725,2014B3TS963,6102,9,FN
1552,ECON,F414,CREAT & LEAD ENTREP ORGN,2011A5C7012,2013D2TS994,5105,9,FN
1250,EEE,F431,MOBILE TELECOM NETWORKS,2012A3PS013,2013A8PS456,3215,9,FN
1161,GS,F244,REPORT & WRITE FOR MEDIA,2012A8PS247,2014D2TS993,5106,9,FN
1176,GS,F332,CONTEMPORARY INDIA,2011A5TS891,2014A8PS439,3203,9,FN
1628,HSS,F236,SYMBOLIC LOGIC,2012A1PS412,2012C6PS356,2203,9,FN
1628,HSS,F236,SYMBOLIC LOGIC,2012C6PS699,2014A5PS818,2204,9,FN
1628,HSS,F236,SYMBOLIC LOGIC,2014A7PS010,2014A8PS474,2206,9,FN
1777,HSS,F323,ORGANIZATIONAL PSYCHOLOGY,2012A1PS402,2013D2TS989,5101,9,FN
1777,HSS,F323,ORGANIZATIONAL PSYCHOLOGY,2014A3PS203,2014A8PS458,5102,9,FN
1597,HSS,F329,MUSICOLOGY-AN INTRODUCTN,2012A2PS608,2014A7PS045,2216,9,FN
1623,HSS,F343,PROFESSIONAL ETHICS,2012A1PS433,2014A8PS459,5102,9,FN
1468,MATH,F244,MEASURE & INTEGRATION,2013B4A3781,2014B4A7800,6152,9,FN
1468,MATH,F244,MEASURE & INTEGRATION,2014B4A7802,2014B4TS974,6153,9,FN
1476,MATH,F471,NONLINEAR OPTIMIZATION,2012A2PS531,2013B4TS978,3215,9,FN
1264,ME,F242,IC ENGINES,2013A4PS063,2014A4PS392,2201,9,FN
1264,ME,F242,IC ENGINES,2014A4PS398,2014A4PS780,2203,9,FN
1400,MF,F243,MANUFACTURING PROCESSES,2012ABPS556,2014ABPS859,6155,9,FN
1400,MF,F243,MANUFACTURING PROCESSES,2014ABPS862,2014ABPS898,6156,9,FN
1418,MF,F421,SUPPLY CHAIN MANAGEMENT,2011B3A4382,2013A4PS013,2221,9,FN
1418,MF,F421,SUPPLY CHAIN MANAGEMENT,2013A4PS084,2013ABPS805,2222,9,FN
1087,PHA,F214,ANATOMY PHYSIO & HYGIENE,2014A5PS036,2015A5PS959,5105,9,FN
1304,PHA,F414,BIOPHARMACEUTICS,2012A5PS389,2013A5PS941,6107,9,FN
1483,PHY,F242,QUANTUM MECHANICS I,2013A4PS086,2014B5A3752,6103,9,FN
1483,PHY,F242,QUANTUM MECHANICS I,2014B5A3822,2014B5A4877,6104,9,FN
1483,PHY,F242,QUANTUM MECHANICS I,2014B5A7310,2014B5TS968,6105,9,FN
1500,PHY,F417,EXPT METHODS OF  PHYSICS,2012B5A1679,2013B5TS960,6102,9,FN
2124,BIO,G545,MOL PARASIT & VECTOR BIO,2015H129001,2015PHXP404,2203,9,AN
309,CE,G524,URBAN MASS TRAN PLAN OP,2012A2TS386,2015H130064,2201,9,AN
621,CE,G618,DESIGN OF MULTI- STOR STR,2015H143043,2015H143053,2203,9,AN
834,MBA,C319,NEGOTIATION SKILL & TECH,2015H149219,2015H149299,2201,9,AN
224,MEL,G632,ANALOG IC DESIGN,2011HS23149,2015H123164,2203,9,AN
67,PHA,G611,ADVANCED PHARMACOLOGY,2015H108189,2015H147201,2201,9,AN
1435,BIO,F419,MOLECULAR EVOLUTION,2011B1A1871,2014B1A3466,6153,10,FN
1337,BITS,F386,QUANTUM INFO & COMPUTING,2012B4A3173,2014A8PS529,6151,10,FN
1337,BITS,F386,QUANTUM INFO & COMPUTING,2014B1A4404,2014B5PS711,6152,10,FN
1899,BITS,F429,NANOTECH FOR RENEW ENRGY & ENV,2011B1A1863,2013A1PS661,6152,10,FN
1219,CE,F432,STRUCTURAL DYNAMICS,2011B2A2729,2013A2PS730,6157,10,FN
1184,CHE,F311,KINETICS & REACTOR DESIG,2012B4A1634,2013A1PS742,6160,10,FN
1208,CHE,F471,ADVANCE PROCESS CONTROL,2011B1A1836,2015H101035,6160,10,FN
1586,CHEM,F336,NANOCHEMISTRY,2012A1TS434,2014B2AB314,6159,10,FN
1315,CS,F372,OPERATING SYSTEMS,2011B2A3757,2013A3PS587,2217,10,FN
1315,CS,F372,OPERATING SYSTEMS,2013A3PS600,2014B4A3768,2221,10,FN
1566,ECON,F412,SECUR ANAL & PORTFOL MGT,2011A5TS891,2012B3A3468,2206,10,FN
1566,ECON,F412,SECUR ANAL & PORTFOL MGT,2012B3A3481,2013A1PS626,2207,10,FN
1566,ECON,F412,SECUR ANAL & PORTFOL MGT,2013A1PS656,2013A4PS357,2212,10,FN
1566,ECON,F412,SECUR ANAL & PORTFOL MGT,2013A4PS389,2013A8PS074,2213,10,FN
1566,ECON,F412,SECUR ANAL & PORTFOL MGT,2013A8PS156,2013B4TS975,2214,10,FN
1566,ECON,F412,SECUR ANAL & PORTFOL MGT,2014A1PS608,2014B3A3594,2215,10,FN
1566,ECON,F412,SECUR ANAL & PORTFOL MGT,2014B3A3723,2014B3A8659,2216,10,FN
1247,EEE,F432,MEDICAL INSTRUMENTATION,2012A3PS135,2013B4A8195,2235,10,FN
1545,FIN,F313,SECUR ANAL & PORTFOL MGT,2012A5PS869,2012B1A4821,2206,10,FN
1545,FIN,F313,SECUR ANAL & PORTFOL MGT,2012B5A2681,2013A1PS617,2207,10,FN
1545,FIN,F313,SECUR ANAL & PORTFOL MGT,2013A1PS637,2013A4PS359,2212,10,FN
1545,FIN,F313,SECUR ANAL & PORTFOL MGT,2013A4PS368,2013A7PS089,2213,10,FN
1545,FIN,F313,SECUR ANAL & PORTFOL MGT,2013A8PS430,2013B4A1795,2214,10,FN
1545,FIN,F313,SECUR ANAL & PORTFOL MGT,2014A1PS495,2014B1A2258,2215,10,FN
1545,FIN,F313,SECUR ANAL & PORTFOL MGT,2014B5A4838,2014B5A4838,2216,10,FN
1136,GS,F224,PRINT & AUDIO-VISU ADVER,2012A1PS412,2014A7PS049,2201,10,FN
1136,GS,F224,PRINT & AUDIO-VISU ADVER,2014A7PS052,2014A8PS445,2203,10,FN
1136,GS,F224,PRINT & AUDIO-VISU ADVER,2014A8PS451,2014B3A3583,2204,10,FN
1136,GS,F224,PRINT & AUDIO-VISU ADVER,2014B3A3744,2014B5TS967,2206,10,FN
1169,GS,F231,DYN OF SOCIAL CHANGE,2011B1A1831,2014D2TS980,6156,10,FN
1165,GS,F245,EFFECTIVE PUBLIC SPEAK,2012A1PS398,2014A7PS056,6105,10,FN
1165,GS,F245,EFFECTIVE PUBLIC SPEAK,2014A7PS096,2014D2TS993,6106,10,FN
1164,GS,F342,COMPUTER MEDIATED COMM,2011A8TS307,2012A7PS082,6107,10,FN
1164,GS,F342,COMPUTER MEDIATED COMM,2012A7PS086,2013D2TS981,6108,10,FN
1164,GS,F342,COMPUTER MEDIATED COMM,2013D2TS984,2014B4AB808,6151,10,FN
1625,HSS,F345,GANDHIAN THOUGHTS,2012A2PS525,2014B5A7869,6158,10,FN
1351,INSTR,F432,MEDICAL INSTRUMENTATION,2012A8PS235,2014B1A8472,2235,10,FN
1340,MATH,F231,NUMBER THEORY,2011B4A4698,2013A7PS150,6101,10,FN
1340,MATH,F231,NUMBER THEORY,2013A7PS178,2014B4A1738,6102,10,FN
1340,MATH,F231,NUMBER THEORY,2014B4A1804,2014B4A7658,6103,10,FN
1340,MATH,F231,NUMBER THEORY,2014B4A7715,2014B4TS960,6104,10,FN
182,MBA,C437,SECUR ANAL & PORTFOL MGT,2015H149220,2015H149287,2216,10,FN
1282,ME,F432,COMPUTER AIDED MANUFACT,2011B1AB859,2011B5A4683,6152,10,FN
1282,ME,F432,COMPUTER AIDED MANUFACT,2011B5AB445,2013ABPS805,6155,10,FN
1336,BITS,F364,HUMAN COMP INTERACTION,2030B1PS555,2030B1PS555,6107,10,AN
278,CE,G527,CONSTRUCTION MANGEMENT,2015H144036,2015H144042,6152,10,AN
108,CE,G615,EARTHQUAKE ENGINEERING,2015H143043,2015H143053,6108,10,AN
436,DE,G514,FRACTURE MECHANICS,2012A4PS261,2015H141112,6108,10,AN
1012,MATH,F113,PROBABILITY & STATISTICS,2011A5TS891,2015A1PS717,2201,10,AN
1012,MATH,F113,PROBABILITY & STATISTICS,2015A1PS718,2015A2PS507,2203,10,AN
1012,MATH,F113,PROBABILITY & STATISTICS,2015A2PS508,2015A2PS852,2204,10,AN
1012,MATH,F113,PROBABILITY & STATISTICS,2015A2PS853,2015A3PS213,2206,10,AN
1012,MATH,F113,PROBABILITY & STATISTICS,2015A3PS216,2015A3PS281,2207,10,AN
1012,MATH,F113,PROBABILITY & STATISTICS,2015A3PS282,2015A4PS352,2212,10,AN
1012,MATH,F113,PROBABILITY & STATISTICS,2015A4PS353,2015A4PS395,2213,10,AN
1012,MATH,F113,PROBABILITY & STATISTICS,2015A4PS397,2015A7PS007,2214,10,AN
1012,MATH,F113,PROBABILITY & STATISTICS,2015A7PS009,2015A7PS046,2215,10,AN
1012,MATH,F113,PROBABILITY & STATISTICS,2015A7PS047,2015A7PS080,2216,10,AN
1012,MATH,F113,PROBABILITY & STATISTICS,2015A7PS081,2015A8PS378,2217,10,AN
1012,MATH,F113,PROBABILITY & STATISTICS,2015A8PS382,2015ABPS506,2221,10,AN
1012,MATH,F113,PROBABILITY & STATISTICS,2015ABPS558,2015B1PS588,2222,10,AN
1012,MATH,F113,PROBABILITY & STATISTICS,2015B1PS591,2015B1TS983,2235,10,AN
1012,MATH,F113,PROBABILITY & STATISTICS,2015B2PS286,2015B2PS873,6101,10,AN
1012,MATH,F113,PROBABILITY & STATISTICS,2015B2PS875,2015B3PS555,6102,10,AN
1012,MATH,F113,PROBABILITY & STATISTICS,2015B3PS556,2015B3PS634,6103,10,AN
1012,MATH,F113,PROBABILITY & STATISTICS,2015B3PS639,2015B4PS451,6104,10,AN
1012,MATH,F113,PROBABILITY & STATISTICS,2015B4PS454,2015B4PS702,6105,10,AN
1012,MATH,F113,PROBABILITY & STATISTICS,2015B4TS924,2015B5PS733,6106,10,AN
1012,MATH,F113,PROBABILITY & STATISTICS,2015B5PS737,2015B5PS750,6107,10,AN
1012,MATH,F113,PROBABILITY & STATISTICS,2015B5PS751,2015D2TS999,6152,10,AN
2052,CS,G523,SOFT FOR EMBED SYS,2030B1PS555,2030B1PS555,6161,11,FN
1427,BIO,F311,RECOMBINANT DNA TECH,2012A3B1149,2013B1A3848,6156,11,FN
1427,BIO,F311,RECOMBINANT DNA TECH,2013B1A3859,2015PHXP401,6157,11,FN
1200,CE,F343,DES OF STEEL STRUCTURES,2012B1A2671,2012B2A2746,6107,11,FN
1200,CE,F343,DES OF STEEL STRUCTURES,2012B3A2414,2013A2PS431,6108,11,FN
1200,CE,F343,DES OF STEEL STRUCTURES,2013A2PS436,2013A2TS491,6151,11,FN
1189,CHE,F342,PROCESS DYN & CONTROL,2012A1PS427,2013A1PS067,6105,11,FN
1189,CHE,F342,PROCESS DYN & CONTROL,2013A1PS420,2013A1PS669,6106,11,FN
1189,CHE,F342,PROCESS DYN & CONTROL,2013A1PS700,2013A1PS747,6107,11,FN
1562,CHEM,F342,ORGANIC CHEMISTRY IV,2013B2A1782,2013B2A4275,6158,11,FN
1562,CHEM,F342,ORGANIC CHEMISTRY IV,2013B2A4313,2013B2TS967,6159,11,FN
1320,CS,F303,COMPUTER NETWORKS,2012B1A7766,2012B4A7258,2206,11,FN
1320,CS,F303,COMPUTER NETWORKS,2012B4A7333,2013A7PS040,2207,11,FN
1320,CS,F303,COMPUTER NETWORKS,2013A7PS041,2013A7PS119,2212,11,FN
1320,CS,F303,COMPUTER NETWORKS,2013A7PS120,2013A7PS150,2213,11,FN
1320,CS,F303,COMPUTER NETWORKS,2013A7PS151,2013A7TS114,2214,11,FN
1451,ECON,F343,ECONOMIC ANAL OF PUB POL,2012A4PS319,2013B3A7705,6152,11,FN
1451,ECON,F343,ECONOMIC ANAL OF PUB POL,2013B3A7722,2013B3PS369,6153,11,FN
1451,ECON,F343,ECONOMIC ANAL OF PUB POL,2013B3PS566,2015PHXP406,6155,11,FN
1246,EEE,F342,POWER ELECTRONICS,2012A3PS131,2013A3PS249,2201,11,FN
1246,EEE,F342,POWER ELECTRONICS,2013A3PS250,2013A3PS312,2203,11,FN
1246,EEE,F342,POWER ELECTRONICS,2013A3PS314,2013A3TS326,2204,11,FN
1160,GS,F243,CURRENT AFFAIRS,2011A7PS094,2014A1PS677,6101,11,FN
1160,GS,F243,CURRENT AFFAIRS,2014A1PS688,2014A8PS395,6102,11,FN
1160,GS,F243,CURRENT AFFAIRS,2014A8PS396,2014B4A4778,6103,11,FN
1160,GS,F243,CURRENT AFFAIRS,2014B4A8801,2014D2TS993,6104,11,FN
1175,GS,F331,TECH IN SOCIAL RESEARCH,2011A5TS891,2014ABPS483,6160,11,FN
1175,GS,F331,TECH IN SOCIAL RESEARCH,2014ABPS868,2014B5A7853,6161,11,FN
1596,HSS,F223,APPR OF INDIAN MUSIC,2012A4PS341,2014B1TS969,6162,11,FN
1349,INSTR,F342,POWER ELECTRONICS,2012B1A8787,2012B5A8684,2201,11,FN
1349,INSTR,F342,POWER ELECTRONICS,2013A8PS074,2013A8PS418,2204,11,FN
1349,INSTR,F342,POWER ELECTRONICS,2013A8PS422,2013A8TS404,2206,11,FN
1534,IS,F303,COMPUTER NETWORKS,2011B5A3376,2011B5A3376,2206,11,FN
1534,IS,F303,COMPUTER NETWORKS,2012C6PS643,2012C6TS723,2207,11,FN
1472,MATH,F341,INTRO TO FUNCTIONAL ANAL,2013B4A1211,2013B4A7743,6155,11,FN
1472,MATH,F341,INTRO TO FUNCTIONAL ANAL,2013B4A7819,2013B4TS978,6156,11,FN
1273,ME,F344,ENGINEERING OPTIMIZATION,2012A4PS301,2012B3A4541,2216,11,FN
1273,ME,F344,ENGINEERING OPTIMIZATION,2012B3A4548,2013A4PS405,2217,11,FN
1273,ME,F344,ENGINEERING OPTIMIZATION,2013A4PS407,2013A4TS305,2221,11,FN
1408,MF,F344,ENGINEERING OPTIMIZATION,2012B1AB790,2012B2AB769,2216,11,FN
1408,MF,F344,ENGINEERING OPTIMIZATION,2012B3AB488,2012B5AB659,2217,11,FN
1408,MF,F344,ENGINEERING OPTIMIZATION,2013ABPS020,2013ABPS822,2221,11,FN
1296,PHA,F341,PHARMACOLOGY II,2012A5PS514,2013A5PS941,2215,11,FN
2123,BIO,G544,BIOREMEDIATION & BIOMETALLURGY,2015H129001,2015H129014,6102,11,AN
356,CS,G514,OBJ ORI ANALYS & DESIGN,2012A3PS201,2012C6PS672,6102,11,AN
471,EEE,G613,ADV DIGITAL SIGNAL PROC,2012A3PS155,2015H140114,6105,11,AN
917,MSE,G513,MAINTENANCE ENGINEERING,2015H142125,2015H142135,6105,11,AN
721,PHA,G632,DOSAGE FORM DESIGN,2015H108189,2015H146218,6101,11,AN
1489,PHY,F341,SOLID STATE PHYSICS,2012B5A2709,2013B5TS960,2201,11,AN
333,SS,G653,SOFTWARE ARCHITECHTURES,2010HD12098,2015H112188,6102,11,AN
1565,ECON,F354,DERIVATIVES &  RISK MGMT,2011B3A3553,2014A1PS559,2201,12,FN
1565,ECON,F354,DERIVATIVES &  RISK MGMT,2014A1PS575,2014A4PS391,2203,12,FN
1565,ECON,F354,DERIVATIVES &  RISK MGMT,2014A7PS046,2014B3A8707,2204,12,FN
1565,ECON,F354,DERIVATIVES &  RISK MGMT,2014B3A8721,2015PHXP405,2206,12,FN
1539,FIN,F311,DERIVATIVES &  RISK MGMT,2012A2PS368,2014A1PS568,2201,12,FN
1539,FIN,F311,DERIVATIVES &  RISK MGMT,2014A1PS671,2014A4PS488,2203,12,FN
1539,FIN,F311,DERIVATIVES &  RISK MGMT,2014A7PS043,2014B3A7689,2204,12,FN
1539,FIN,F311,DERIVATIVES &  RISK MGMT,2014B4A1804,2014B4TS966,2206,12,FN
1137,GS,F322,CRITI ANAL OF LIT & CINE,2012B2PS956,2012B2PS956,2201,12,FN
1649,HSS,F319,LIGHT FOR THEATRE & FILMS,2012D2PS965,2014A7PS160,2206,12,FN
1649,HSS,F319,LIGHT FOR THEATRE & FILMS,2014A7PS163,2014B5AB603,2207,12,FN
1417,MF,F418,LEAN MANUFACTURING,2012A4PS151,2013A4PS357,2207,12,FN
1417,MF,F418,LEAN MANUFACTURING,2013A4PS364,2014ABPS898,2212,12,FN
1294,PHA,F244,PHYSICAL PHARMACY,2013A5PS929,2014A5PS285,2212,12,FN
1294,PHA,F244,PHYSICAL PHARMACY,2014A5PS298,2014A5PS843,2217,12,FN
1498,PHY,F415,GEN THEO OF REL & COSMO,2011B5A2659,2013A3PS333,2217,12,FN
1498,PHY,F415,GEN THEO OF REL & COSMO,2013A4PS191,2014B5A3484,2217,12,FN
1005,BITS,F112,TECH REPORT WRITING,2014B2A7885,2015A7PS081,2201,12,AN
1005,BITS,F112,TECH REPORT WRITING,2015A7PS082,2015A7PS123,2203,12,AN
1005,BITS,F112,TECH REPORT WRITING,2015A7PS124,2015B1PS854,2204,12,AN
1005,BITS,F112,TECH REPORT WRITING,2015B1PS861,2015B2PS868,2206,12,AN
1005,BITS,F112,TECH REPORT WRITING,2015B2PS869,2015B3PS546,2207,12,AN
1005,BITS,F112,TECH REPORT WRITING,2015B3PS549,2015B4PS436,2212,12,AN
1005,BITS,F112,TECH REPORT WRITING,2015B4PS451,2015B5PS737,2217,12,AN
1005,BITS,F112,TECH REPORT WRITING,2015B5PS742,2015D2TS999,2221,12,AN
123,MBA,C421,SUPPLY CHAIN MANAGEMENT,2015H149219,2015H149257,2214,12,AN
123,MBA,C421,SUPPLY CHAIN MANAGEMENT,2015H149258,2015H149287,2215,12,AN
123,MBA,C421,SUPPLY CHAIN MANAGEMENT,2015H149288,2015H149299,2216,12,AN
1015,PHY,F111,MECH OSCIL & WAVES,2014B3A1740,2015A1PS717,6101,12,AN
1015,PHY,F111,MECH OSCIL & WAVES,2015A1PS718,2015A2PS586,6102,12,AN
1015,PHY,F111,MECH OSCIL & WAVES,2015A2PS598,2015A2PS735,6103,12,AN
1015,PHY,F111,MECH OSCIL & WAVES,2015A2PS740,2015A2PS816,6104,12,AN
1015,PHY,F111,MECH OSCIL & WAVES,2015A2PS817,2015A3PS187,6105,12,AN
1015,PHY,F111,MECH OSCIL & WAVES,2015A3PS188,2015A3PS254,6106,12,AN
1015,PHY,F111,MECH OSCIL & WAVES,2015A3PS255,2015A3PS287,6107,12,AN
1015,PHY,F111,MECH OSCIL & WAVES,2015A3PS289,2015A4PS297,6108,12,AN
1015,PHY,F111,MECH OSCIL & WAVES,2015A4PS303,2015A4PS403,6151,12,AN
1015,PHY,F111,MECH OSCIL & WAVES,2015A4PS405,2015A8PS336,6152,12,AN
1015,PHY,F111,MECH OSCIL & WAVES,2015A8PS337,2015A8PS433,6153,12,AN
1015,PHY,F111,MECH OSCIL & WAVES,2015A8PS437,2015ABPS795,6155,12,AN
1015,PHY,F111,MECH OSCIL & WAVES,2015ABPS808,2015ABPS879,6156,12,AN
1423,BIO,F215,BIOPHYSICS,2013B5PS448,2014B1A3632,2221,13,FN
1423,BIO,F215,BIOPHYSICS,2014B1A4328,2014B1TS972,2222,13,FN
1454,BIO,F314,CONSERVATION BIOLOGY,2011B1A1869,2013B1TS982,6104,13,FN
1893,BITS,F399,HUMANISTIC THEORY OF SC & TECH,2012A3PS175,2013A7PS099,6160,13,FN
1811,BITS,F441,ROBOTICS,2011A8TS307,2013ABPS745,3203,13,FN
1816,BITS,F446,PATTERN RECOGNITION,2012A3PS188,2013A8PS460,5105,13,FN
1379,BITS,F467,BIOETHICS & BIOSAFETY,2012B1A1782,2012B1A8824,3203,13,FN
1191,CE,F241,ANALYSIS OF STRUCTURES,2011B3A2569,2013B4A2760,6108,13,FN
1191,CE,F241,ANALYSIS OF STRUCTURES,2013B4A2790,2014A2PS682,6151,13,FN
1191,CE,F241,ANALYSIS OF STRUCTURES,2014A2PS685,2014A2PS796,6152,13,FN
1234,CE,F435,INTRODUCTION TO FEM,2011B3A2405,2013A2PS727,3158,13,FN
1182,CHE,F243,MATERIAL SCIENCE & ENGG,2012A1PS544,2014A1PS505,6105,13,FN
1182,CHE,F243,MATERIAL SCIENCE & ENGG,2014A1PS511,2014A1PS683,6106,13,FN
1182,CHE,F243,MATERIAL SCIENCE & ENGG,2014A1PS684,2014A1PS734,6107,13,FN
1570,CHEM,F323,BIOPHYSICAL CHEMISTRY,2011B2A3797,2014B2A8584,3201,13,FN
1094,CS,F211,DATA STRUCTURES & ALGO,2012A3PS139,2013B1A7542,2201,13,FN
1094,CS,F211,DATA STRUCTURES & ALGO,2013B1A7687,2013B4A7601,2203,13,FN
1094,CS,F211,DATA STRUCTURES & ALGO,2013B4A7616,2014A7PS062,2204,13,FN
1094,CS,F211,DATA STRUCTURES & ALGO,2014A7PS063,2014A7PS126,2206,13,FN
1094,CS,F211,DATA STRUCTURES & ALGO,2014A7PS127,2014A7PS742,2207,13,FN
1322,CS,F415,DATA MINING,2011A7PS094,2013A8PS171,5102,13,FN
1326,CS,F446,DATA STORAGE TECH & NETW,2011B5A3610,2013A8PS186,5102,13,FN
1442,ECON,F241,ECONOMETRIC METHODS,2012A2TS386,2014B3A2693,6152,13,FN
1442,ECON,F241,ECONOMETRIC METHODS,2014B3A2704,2014B3A7282,6153,13,FN
1442,ECON,F241,ECONOMETRIC METHODS,2014B3A7375,2014B3TS963,6155,13,FN
1239,EEE,F242,CONTROL SYSTEMS,2012B5A3651,2013B1A3265,2207,13,FN
1239,EEE,F242,CONTROL SYSTEMS,2013B1A3356,2013B4A3794,2212,13,FN
1239,EEE,F242,CONTROL SYSTEMS,2013B5A3355,2014A3PS164,2214,13,FN
1239,EEE,F242,CONTROL SYSTEMS,2014A3PS166,2014A3PS200,2215,13,FN
1239,EEE,F242,CONTROL SYSTEMS,2014A3PS202,2014A3PS247,2216,13,FN
1239,EEE,F242,CONTROL SYSTEMS,2014A3PS250,2014A3PS307,2217,13,FN
2175,EEE,G547,DEVICE DRIVERS,2015H140115,2015H140124,3201,13,FN
1135,GS,F223,INTRO TO MASS COMM,2012A1PS412,2014B2TS965,5106,13,FN
1602,HSS,F221,READINGS FROM DRAMA,2011B3A8588,2014D2TS987,2222,13,FN
1627,HSS,F235,INTRODUCTORY PHILOSOPHY,2011B2A2754,2014D2TS993,5101,13,FN
1631,HSS,F338,COMPARATIVE INDIAN LIT,2012A3PS135,2014D2TS992,3203,13,FN
1342,INSTR,F242,CONTROL SYSTEMS,2012B3A8538,2013A8PS490,2207,13,FN
1342,INSTR,F242,CONTROL SYSTEMS,2013B1A8248,2013B3A8737,2212,13,FN
1342,INSTR,F242,CONTROL SYSTEMS,2013B4A8195,2013B5A8784,2214,13,FN
1342,INSTR,F242,CONTROL SYSTEMS,2014A8PS231,2014A8PS465,2217,13,FN
1342,INSTR,F242,CONTROL SYSTEMS,2014A8PS467,2014A8PS701,2221,13,FN
1467,MATH,F243,GRAPHS AND NETWORKS,2012A1PS413,2014B4A7719,6156,13,FN
1467,MATH,F243,GRAPHS AND NETWORKS,2014B4A7727,2014B4TS974,6157,13,FN
1921,MATH,F422,NUM MTHD FOR PARTIAL DIFF EQ,2012B4A1634,2013B4TS978,6107,13,FN
1265,ME,F243,PRODUCTION TECHNIQUES I,2013B1A4263,2014A4PS059,6101,13,FN
1265,ME,F243,PRODUCTION TECHNIQUES I,2014A4PS090,2014A4PS362,6102,13,FN
1265,ME,F243,PRODUCTION TECHNIQUES I,2014A4PS364,2014A4PS405,6103,13,FN
1265,ME,F243,PRODUCTION TECHNIQUES I,2014A4PS406,2014A4PS780,6104,13,FN
1281,ME,F420,POWER PLANT ENGINEERING,2012ABPS195,2013ABPS771,5105,13,FN
1869,ME,F485,NUM FL FLOW & HEAT TRANS,2011B5A4654,2013A4PS337,6155,13,FN
1089,PHA,F212,DISPENSING PHARMACY,2014A5PS393,2015A5PS933,6161,13,FN
1089,PHA,F212,DISPENSING PHARMACY,2015A5PS934,2015A5PS959,6162,13,FN
1863,PHA,F215,INTR TO MOL BIO & IMMUNO,2012A5TS245,2014A5PS843,2235,13,FN
1306,PHA,F416,CHEM OF SYNTHETIC DRUGS,2012A5PS616,2013B2TS967,2222,13,FN
1482,PHY,F241,ELECTROMAGNETIC THEO II,2013A4PS191,2014B5A4482,6158,13,FN
1482,PHY,F241,ELECTROMAGNETIC THEO II,2014B5A4564,2014B5A7817,6159,13,FN
1482,PHY,F241,ELECTROMAGNETIC THEO II,2014B5A7833,2014B5TS968,6160,13,FN
111,BIO,G515,STEM CELL & REGENER BIO,2012A3B1149,2015PHXP419,2206,13,AN
304,CE,G534,PAVEMENT MATERIAL CHARAC,2015H130054,2015H130064,2203,13,AN
270,CHE,G512,PETRO REFIN & PETROCHEM,2012B2A1315,2015H101029,2204,13,AN
49,CHE,G551,ADVANCE SEPERATION TECH,2015H101016,2015H101033,2206,13,AN
2106,CS,G520,ADVANCED DATA MINING,2011HS12191,2015H103097,2204,13,AN
475,EEE,G627,NETWORK EMBEDDED APPLI,2030B1PS555,2030B1PS555,2206,13,AN
1159,GS,F242,CULTURAL STUDIES,2011B1A1871,2011B1A1871,2204,13,AN
680,MBA,C416,CORPORATE FINANCE & TAX,2015H149219,2015H149299,2201,13,AN
266,ME,G611,COMP AIDED ANAL & DESIGN,2011HS06237,2015H141113,2201,13,AN
2132,PHA,G545,IPR AND PHARMACEUTICALS,2013A5PS584,2015H147201,2203,13,AN
2107,SS,G520,ADVANCED DATA MINING,2015H112167,2015H112188,2204,13,AN
1003,BITS,F110,ENGINEERING GRAPHICS,2014A4PS165,2015A2PS740,6114,14,FN
1003,BITS,F110,ENGINEERING GRAPHICS,2015A2PS741,2015A3PS254,6116,14,FN
1003,BITS,F110,ENGINEERING GRAPHICS,2015A3PS255,2015A4PS444,6118,14,FN
1003,BITS,F110,ENGINEERING GRAPHICS,2015A4PS447,2015B1PS878,6119,14,FN
1023,ECON,F211,PRINCIPLES OF ECONOMICS,2013A2PS540,2014A3PS200,2201,14,AN
1023,ECON,F211,PRINCIPLES OF ECONOMICS,2014A3PS202,2014A3PS277,2203,14,AN
1023,ECON,F211,PRINCIPLES OF ECONOMICS,2014A3PS278,2014A4PS389,2204,14,AN
1023,ECON,F211,PRINCIPLES OF ECONOMICS,2014A4PS391,2014A7PS072,2206,14,AN
1023,ECON,F211,PRINCIPLES OF ECONOMICS,2014A7PS073,2014A7PS132,2207,14,AN
1023,ECON,F211,PRINCIPLES OF ECONOMICS,2014A7PS134,2014A8PS442,2212,14,AN
1023,ECON,F211,PRINCIPLES OF ECONOMICS,2014A8PS443,2014ABPS759,2214,14,AN
1023,ECON,F211,PRINCIPLES OF ECONOMICS,2014ABPS766,2014B1A1492,2215,14,AN
1023,ECON,F211,PRINCIPLES OF ECONOMICS,2014B1A1510,2014B1AB054,2216,14,AN
1023,ECON,F211,PRINCIPLES OF ECONOMICS,2014B1AB058,2014B4TS966,2217,14,AN
1023,ECON,F211,PRINCIPLES OF ECONOMICS,2014B4TS974,2015A5PS900,2221,14,AN
1023,ECON,F211,PRINCIPLES OF ECONOMICS,2015A5PS902,2015A5PS959,2222,14,AN
1923,ECON,F315,FINANCIAL MANAGEMENT,2030EEPS555,2030EEPS555,6152,14,AN
1923,ECON,F315,FINANCIAL MANAGEMENT,2030EEPS555,2030EEPS555,6153,14,AN
1542,FIN,F315,FINANCIAL MANAGEMENT,2030FFPS555,2030FFPS555,6155,14,AN
734,MBA,C471,MANAGEMENT INFORM SYSTEM,2015H149219,2015H149269,6156,14,AN
734,MBA,C471,MANAGEMENT INFORM SYSTEM,2015H149270,2015H149299,6157,14,AN
1024,MGTS,F211,PRINCIPLES OF MANAGEMENT,2013A3PS247,2014A2PS675,6101,14,AN
1024,MGTS,F211,PRINCIPLES OF MANAGEMENT,2014A2PS682,2014A4PS352,6102,14,AN
1024,MGTS,F211,PRINCIPLES OF MANAGEMENT,2014A4PS353,2014A7PS042,6103,14,AN
1024,MGTS,F211,PRINCIPLES OF MANAGEMENT,2014A7PS044,2014A8PS431,6104,14,AN
1024,MGTS,F211,PRINCIPLES OF MANAGEMENT,2014A8PS437,2014B1TS969,6105,14,AN
1024,MGTS,F211,PRINCIPLES OF MANAGEMENT,2014B1TS970,2014B3A4479,6106,14,AN
1024,MGTS,F211,PRINCIPLES OF MANAGEMENT,2014B3A4506,2014B3A7836,6107,14,AN
1024,MGTS,F211,PRINCIPLES OF MANAGEMENT,2014B3A8545,2014B4A7715,6108,14,AN
1024,MGTS,F211,PRINCIPLES OF MANAGEMENT,2014B4A8785,2014D2TS993,6151,14,AN
1425,BIO,F243,GENETICS,2012A5TS245,2014B1A1470,2207,16,FN
1425,BIO,F243,GENETICS,2014B1A1492,2014B1TS972,2212,16,FN
1431,BIO,F341,DEVELOPMENTAL BIOLOGY,2012A3B1149,2013B1A3409,6103,16,FN
1431,BIO,F341,DEVELOPMENTAL BIOLOGY,2013B1A3818,2013B1TS996,6104,16,FN
1199,CE,F342,WATER & WASTEWATER TREAT,2012A2TS376,2013A2PS489,6101,16,FN
1199,CE,F342,WATER & WASTEWATER TREAT,2013A2PS498,2013A2TS491,6102,16,FN
1563,CHEM,F343,INORGANIC CHEMISTRY III,2013B2A1782,2013B2A1812,6106,16,FN
1563,CHEM,F343,INORGANIC CHEMISTRY III,2013B2A1832,2013B2TS967,6151,16,FN
1450,ECON,F342,APPLIED ECONOMETRICS,2012B3A8538,2013B3A7543,2214,16,FN
1450,ECON,F342,APPLIED ECONOMETRICS,2013B3A7603,2013B3A8718,2215,16,FN
1450,ECON,F342,APPLIED ECONOMETRICS,2013B3A8737,2013B3TS974,2216,16,FN
1172,GS,F234,DEVELOPMENT ECONOMICS,2014ABPS893,2014D2TS980,6106,16,FN
1603,HSS,F222,LINGUISTICS,2012A1PS412,2013A3PS325,2204,16,FN
1603,HSS,F222,LINGUISTICS,2013A7PS040,2014A7PS082,2206,16,FN
1603,HSS,F222,LINGUISTICS,2014A7PS093,2014B5A7571,2207,16,FN
1350,INSTR,F343,INDUS INSTRUMENT & CONT,2012A8PS350,2013A8PS456,2217,16,FN
1350,INSTR,F343,INDUS INSTRUMENT & CONT,2013A8PS457,2013A8TS404,2221,16,FN
1473,MATH,F342,DIFFERENTIAL GEOMETRY,2013B4A1211,2013B4A3744,2221,16,FN
1473,MATH,F342,DIFFERENTIAL GEOMETRY,2013B4A3762,2013B4TS978,2222,16,FN
1272,ME,F342,COMPUTER AIDED DESIGN,2012A4PS301,2013A4PS349,2201,16,FN
1272,ME,F342,COMPUTER AIDED DESIGN,2013A4PS350,2013A4TS305,2203,16,FN
1407,MF,F342,COMPUTER AIDED DESIGN,2012B1AB790,2012B5AB659,2201,16,FN
1407,MF,F342,COMPUTER AIDED DESIGN,2013ABPS020,2013ABPS546,2203,16,FN
1407,MF,F342,COMPUTER AIDED DESIGN,2013ABPS548,2013ABPS822,2204,16,FN
1491,PHY,F343,NUCLEAR & PARTICLE PHY,2012B5A3651,2013B5A8539,6105,16,FN
1491,PHY,F343,NUCLEAR & PARTICLE PHY,2013B5A8554,2013B5TS960,6106,16, FN